,userId,movieId,rating
0,1,1,4.0
81531,517,1,4.0
30517,213,1,3.5
81082,514,1,4.0
30601,214,1,3.0
30721,216,1,3.0
30885,217,1,4.0
31524,219,1,3.5
80373,509,1,4.0
32052,220,1,5.0
80168,504,1,4.0
56128,372,1,3.0
79907,500,1,4.0
32840,223,1,3.5
29936,206,1,5.0
33044,226,1,3.5
99534,610,1,5.0
33670,229,1,5.0
79296,492,1,4.0
79119,490,1,3.5
33898,232,1,3.5
78360,488,1,4.5
34760,233,1,3.0
77950,484,1,4.5
34910,234,1,5.0
35301,239,1,4.0
35580,240,1,5.0
77222,483,1,4.0
36173,247,1,5.0
62294,414,1,4.0
36374,249,1,4.0
56364,373,1,3.0
29268,201,1,5.0
24054,167,1,3.5
24321,169,1,4.5
1667,17,1,4.5
24640,171,1,5.0
24900,177,1,5.0
56878,380,1,5.0
84780,550,1,4.0
84603,544,1,3.0
84327,541,1,3.0
25804,178,1,4.0
25881,179,1,4.0
56794,378,1,4.5
62136,412,1,2.0
29378,202,1,4.0
26092,182,1,4.0
83535,533,1,5.0
83411,529,1,3.0
83338,528,1,2.5
27260,185,1,4.0
27307,186,1,4.0
82613,525,1,4.0
52880,347,1,5.0
28032,193,1,2.0
99497,609,1,3.0
82482,524,1,4.0
82207,522,1,3.0
28934,200,1,3.5
1434,15,1,2.5
83573,534,1,4.0
85291,555,1,4.0
76227,480,1,3.0
75424,477,1,4.0
54123,357,1,5.0
71435,460,1,4.5
71257,456,1,5.0
70844,453,1,5.0
45728,304,1,5.0
70608,451,1,5.0
46733,307,1,4.0
68655,448,1,5.0
68337,443,1,4.0
48581,314,1,3.0
516,5,1,4.0
53492,353,1,5.0
67583,438,1,4.5
71544,462,1,1.5
67355,436,1,4.0
66798,432,1,2.5
53017,350,1,4.0
49974,322,1,3.5
50081,323,1,3.5
50670,328,1,5.0
50948,330,1,4.0
51363,332,1,4.0
51655,334,1,3.5
65630,422,1,4.0
51837,336,1,4.0
51893,337,1,4.0
52009,339,1,4.0
65452,420,1,4.0
67080,434,1,4.0
37470,252,1,4.5
44535,298,1,2.0
43491,292,1,4.0
37555,254,1,4.5
75355,476,1,4.0
38236,263,1,4.0
38446,264,1,4.0
38665,266,1,2.0
39031,269,1,5.0
39060,270,1,5.0
39174,273,1,5.0
39229,274,1,4.0
40575,275,1,5.0
73092,474,1,4.0
40978,276,1,4.0
55211,367,1,5.0
43937,293,1,3.0
41019,277,1,4.0
54882,364,1,5.0
874,7,1,4.5
72998,471,1,5.0
72918,470,1,4.0
41243,280,1,4.5
41460,282,1,4.5
41697,283,1,3.0
42114,288,1,4.5
54547,359,1,4.0
72453,469,1,4.0
72420,468,1,4.0
43193,290,1,4.0
43460,291,1,4.0
41067,279,1,3.0
23864,166,1,5.0
27925,191,1,4.0
52408,341,1,5.0
15565,103,1,4.0
7931,54,1,3.0
90517,590,1,4.0
90256,587,1,5.0
7112,50,1,3.0
6876,46,1,5.0
16970,107,1,4.0
6477,45,1,4.0
89904,584,1,5.0
58096,381,1,3.5
89316,580,1,3.0
61120,399,1,4.0
89243,579,1,4.0
17904,112,1,3.0
12412,78,1,4.0
61199,401,1,3.5
6429,44,1,3.0
6315,43,1,5.0
97043,604,1,3.0
18536,119,1,3.5
88677,573,1,5.0
8035,57,1,5.0
61023,396,1,5.0
96100,603,1,4.0
15155,98,1,4.5
11808,73,1,4.5
2274,19,1,4.0
11728,71,1,5.0
92623,599,1,3.0
12730,82,1,2.5
58965,385,1,4.0
95101,600,1,2.5
13402,86,1,4.0
13549,89,1,3.0
92159,597,1,4.0
5555,40,1,5.0
91748,596,1,4.0
14121,91,1,4.0
10360,68,1,2.5
9979,66,1,4.0
58570,382,1,4.5
14720,93,1,3.0
9428,64,1,4.0
9157,63,1,5.0
95864,601,1,4.0
23663,161,1,4.0
15041,96,1,5.0
14067,90,1,3.0
18773,121,1,4.0
12264,76,1,0.5
97143,605,1,4.0
20336,135,1,4.0
4879,31,1,5.0
20726,137,1,4.0
98666,608,1,2.5
22096,145,1,5.0
60290,389,1,5.0
21083,140,1,3.0
20301,134,1,3.0
21968,144,1,3.5
1772,18,1,3.5
98479,607,1,4.0
85984,559,1,5.0
86582,561,1,4.0
4059,27,1,3.0
21691,141,1,4.0
86124,560,1,3.0
97364,606,1,2.5
22425,153,1,2.0
22303,151,1,5.0
19919,132,1,2.0
23226,160,1,4.0
88522,572,1,4.0
23129,159,1,4.5
19179,124,1,4.0
3219,21,1,3.5
22684,156,1,4.0
88219,570,1,4.0
5031,33,1,3.0
87087,562,1,4.5
22638,155,1,3.0
60405,391,1,3.0
19822,130,1,3.0
4929,32,1,3.0
87791,567,1,3.5
62009,411,1,5.0
42115,288,2,2.0
10361,68,2,2.5
3220,21,2,3.5
98667,608,2,2.0
65884,425,2,3.0
95102,600,2,4.0
41732,284,2,4.0
43958,294,2,3.0
66190,426,2,4.5
50949,330,2,1.5
67081,434,2,2.5
97044,604,2,5.0
48984,318,2,3.5
97144,605,2,3.5
66799,432,2,4.0
47708,308,2,3.0
68493,446,2,3.0
49918,321,2,5.0
68577,447,2,5.0
68656,448,2,3.0
44536,298,2,0.5
46734,307,2,2.5
45944,305,2,3.5
45729,304,2,4.0
7422,51,2,4.5
45474,299,2,3.0
50082,323,2,4.0
67356,436,2,4.0
71350,458,2,4.0
8791,62,2,4.0
4060,27,2,4.0
95965,602,2,4.0
49975,322,2,3.0
560,6,2,4.0
23227,160,2,4.0
72919,470,2,3.0
79993,501,2,3.0
32259,221,2,3.5
88678,573,2,4.5
31525,219,2,2.5
81000,512,2,3.0
30886,217,2,2.0
18831,122,2,4.0
19229,125,2,4.0
88220,570,2,3.5
81532,517,2,3.0
87717,566,2,4.0
29379,202,2,4.0
87318,563,2,2.5
32590,222,2,2.5
82407,523,2,4.5
21084,140,2,3.5
82614,525,2,3.5
27308,186,2,4.0
86583,561,2,4.0
83171,527,2,4.0
85985,559,2,4.0
83574,534,2,4.5
1773,18,2,3.0
21969,144,2,3.0
22219,149,2,1.0
24901,177,2,3.5
22426,153,2,2.0
24322,169,2,4.0
20337,135,2,3.0
18349,117,2,3.0
17905,112,2,1.5
79794,497,2,2.5
92624,599,2,2.5
12731,82,2,3.0
40979,276,2,4.0
73093,474,2,3.0
39230,274,2,3.5
14122,91,2,3.0
91496,594,2,4.0
37945,259,2,2.0
75200,475,2,4.5
1026,8,2,4.0
14721,93,2,5.0
75356,476,2,4.0
75425,477,2,4.0
91299,592,2,4.0
76228,480,2,3.0
36375,249,2,4.0
77094,482,2,4.5
15566,103,2,4.0
77223,483,2,4.0
35581,240,2,5.0
15942,104,2,3.0
90518,590,2,2.5
77951,484,2,2.5
90048,586,2,4.0
78471,489,2,2.5
33899,232,2,4.0
16971,107,2,5.0
33735,230,2,2.5
33045,226,2,3.0
2275,19,2,3.0
14817,94,2,4.0
2977,20,2,3.0
62010,411,2,4.0
56879,380,2,5.0
52881,347,2,3.0
53493,353,2,4.0
54124,357,2,3.0
62295,414,2,3.0
54548,359,2,3.5
56365,373,2,3.0
60962,395,2,3.0
58097,381,2,4.0
43169,289,3,2.5
35582,240,3,4.0
7423,51,3,4.0
85292,555,3,5.0
24323,169,3,5.0
8511,58,3,3.0
561,6,3,5.0
9429,64,3,3.5
22304,151,3,3.0
84931,552,3,1.0
22277,150,3,3.0
62296,414,3,4.0
6316,43,3,5.0
84604,544,3,3.0
49919,321,3,3.0
25882,179,3,4.0
33046,226,3,3.5
5875,42,3,4.0
79994,501,3,5.0
79297,492,3,4.0
6430,44,3,3.0
47709,308,3,0.5
10362,68,3,2.0
42116,288,3,4.0
15300,100,3,3.5
43959,294,3,1.0
15509,102,3,5.0
14123,91,3,3.0
72920,470,3,3.0
90519,590,3,3.0
90421,588,3,3.0
71258,456,3,3.0
55396,368,3,3.0
76229,480,3,2.5
92625,599,3,1.5
39061,270,3,3.0
2276,19,3,3.0
18262,116,3,3.5
39032,269,3,4.0
46735,307,3,3.5
18350,117,3,3.0
68657,448,3,3.0
75426,477,3,3.0
61842,410,3,4.0
50950,330,3,3.0
45643,302,3,3.0
4930,32,3,3.0
91497,594,3,4.0
98668,608,3,2.0
51894,337,3,4.0
30887,217,3,1.0
1,1,3,4.0
38179,262,4,1.0
23702,162,4,3.0
1386,14,4,3.0
13075,84,4,3.0
95103,600,4,1.5
562,6,4,3.0
62011,411,4,2.0
77224,483,5,2.5
25974,181,5,3.0
73094,474,5,1.5
70609,451,5,3.0
95104,600,5,2.5
8512,58,5,4.0
53494,353,5,3.0
68658,448,5,3.0
78472,489,5,2.0
97045,604,5,3.0
90520,590,5,2.0
24590,170,5,3.0
22151,147,5,4.5
79298,492,5,3.0
79120,490,5,0.5
6478,45,5,3.0
62297,414,5,2.0
10363,68,5,2.0
82167,521,5,3.0
40980,276,5,3.0
33671,229,5,3.0
86584,561,5,3.0
9980,66,5,4.0
6317,43,5,5.0
17258,111,5,3.5
72921,470,5,3.0
49920,321,5,3.0
16972,107,5,4.0
15567,103,5,4.0
71351,458,5,3.0
67461,437,5,2.0
60291,389,5,4.0
80374,509,5,1.5
18351,117,5,3.0
28935,200,5,4.0
61271,402,5,3.0
71259,456,5,3.0
563,6,5,5.0
13076,84,5,3.0
18751,120,5,4.0
42117,288,5,2.0
22278,150,5,3.0
18774,121,5,3.0
4880,31,5,3.0
24324,169,5,5.0
79995,501,5,3.0
39062,270,5,3.0
51895,337,5,4.0
39033,269,5,3.0
95966,602,6,3.0
67584,438,6,5.0
22279,150,6,4.0
47710,308,6,1.0
48241,313,6,3.0
23228,160,6,2.0
48018,312,6,4.0
86585,561,6,4.0
76230,480,6,4.0
62298,414,6,3.0
12732,82,6,3.5
54743,362,6,4.0
41461,282,6,4.0
9430,64,6,4.5
58966,385,6,3.0
16215,105,6,4.0
78248,486,6,5.0
53495,353,6,4.0
56880,380,6,5.0
96101,603,6,4.0
85119,553,6,5.0
8792,62,6,4.5
67462,437,6,5.0
73095,474,6,3.0
564,6,6,4.0
13077,84,6,4.0
48795,317,6,5.0
92626,599,6,4.5
4194,28,6,3.5
51896,337,6,5.0
48985,318,6,4.0
1774,18,6,4.0
55397,368,6,4.0
48582,314,6,3.0
90521,590,6,3.5
8036,57,6,3.0
85986,559,6,5.0
23865,166,6,3.5
72922,470,6,3.0
35302,239,6,5.0
90422,588,6,5.0
10364,68,6,4.0
35855,244,6,5.0
3902,24,6,4.5
31526,219,6,3.5
97046,604,6,3.0
25975,181,6,3.0
1259,11,6,5.0
51838,336,6,4.0
50200,325,6,4.0
72454,469,6,3.0
43960,294,6,3.0
39063,270,6,3.0
2,1,6,4.0
26093,182,6,4.5
12473,79,6,4.0
56129,372,6,5.0
27926,191,6,4.0
18775,121,6,5.0
65885,425,6,4.0
79996,501,6,3.0
56366,373,6,5.0
83485,532,6,5.0
52010,339,6,4.0
59166,386,6,3.0
91300,592,6,3.0
60406,391,6,4.0
88679,573,6,4.5
82168,521,6,4.0
38666,266,6,4.0
41856,286,6,4.5
32053,220,6,3.5
14124,91,6,5.0
45945,305,6,3.5
21085,140,6,5.0
6479,45,6,4.0
68374,444,6,4.0
39034,269,6,5.0
6431,44,6,3.0
28571,199,6,4.0
67082,434,6,4.0
82483,524,6,4.0
29380,202,6,5.0
17080,109,6,3.0
60292,389,6,5.0
79299,492,6,3.0
44463,297,6,5.0
28087,195,6,4.0
99535,610,6,5.0
3781,23,6,4.0
30888,217,6,2.0
89317,580,6,4.0
92160,597,6,3.0
61156,400,6,5.0
89055,577,6,4.0
17906,112,6,4.5
79417,493,6,4.0
4931,32,6,3.0
15510,102,6,3.0
70610,451,6,4.0
39231,274,6,4.0
18352,117,6,3.0
22280,150,7,3.0
82169,521,7,3.0
70611,451,7,3.0
11729,71,7,3.0
565,6,7,4.0
39064,270,7,3.0
38180,262,7,3.0
92627,599,7,2.5
37900,257,7,1.0
73096,474,7,3.0
87718,566,7,4.0
45730,304,7,4.0
10365,68,7,2.0
1387,14,7,3.0
18353,117,7,4.0
95105,600,7,3.5
62012,411,7,3.0
2277,19,7,2.0
72923,470,7,3.0
24902,177,7,1.0
29937,206,7,4.0
7424,51,7,4.0
41244,280,7,4.5
83412,529,7,2.0
62299,414,7,3.0
6480,45,7,3.0
28572,199,7,3.0
14873,95,7,3.0
92161,597,7,1.0
79300,492,7,3.0
53018,350,7,3.0
14068,90,7,4.0
84328,541,7,4.0
79997,501,7,4.0
25883,179,7,3.0
5876,42,7,3.0
41857,286,7,3.5
25976,181,7,3.0
6318,43,7,5.0
78473,489,7,4.0
79845,498,7,4.0
24325,169,7,4.5
4881,31,7,4.0
81050,513,7,3.0
8513,58,7,5.0
40981,276,7,4.0
4932,32,7,4.0
27791,188,7,4.0
5032,33,7,1.0
13078,84,7,3.0
80840,510,7,1.0
51897,337,7,3.0
97365,606,7,2.5
48583,314,7,4.0
6319,43,8,5.0
56130,372,8,2.0
39232,274,8,3.0
79998,501,8,3.0
62300,414,8,3.0
566,6,8,3.0
2978,20,8,1.0
67357,436,8,3.0
67463,437,9,3.0
53496,353,9,3.0
51898,337,9,5.0
39065,270,9,3.0
22305,151,9,4.0
25884,179,9,3.0
72032,464,9,2.5
39035,269,9,2.0
54883,364,9,3.0
66362,428,9,2.0
30889,217,9,3.0
92628,599,9,1.5
61272,402,9,3.0
79301,492,9,5.0
71260,456,9,4.0
60293,389,9,3.0
14722,93,10,4.0
42118,288,10,3.0
14125,91,10,3.5
60963,395,10,3.0
43492,292,10,3.5
3221,21,10,5.0
14818,94,10,3.0
15247,99,10,4.0
70642,452,10,4.0
91301,592,10,3.0
52882,347,10,4.0
72455,469,10,2.0
58967,385,10,3.0
52380,340,10,4.0
70845,453,10,2.0
12733,82,10,3.5
98669,608,10,4.0
29981,208,10,2.0
45529,301,10,4.0
81981,520,10,4.0
71352,458,10,4.0
90423,588,10,3.0
13079,84,10,3.0
65297,419,10,3.5
81533,517,10,0.5
71545,462,10,3.0
43961,294,10,3.0
29381,202,10,4.0
15943,104,10,3.0
92629,599,10,3.5
89905,584,10,5.0
92162,597,10,3.0
41462,282,10,3.5
12704,81,10,1.0
45731,304,10,4.0
89318,580,10,3.5
54646,361,10,3.5
39233,274,10,4.0
41733,284,10,4.0
53582,354,10,3.5
72924,470,10,3.0
55398,368,10,3.0
99498,609,10,4.0
46736,307,10,2.5
67083,434,10,3.5
33672,229,10,4.0
62301,414,10,3.0
33900,232,10,3.0
6877,46,10,3.0
59234,387,10,3.5
67585,438,10,4.0
24864,176,10,5.0
7989,56,10,4.0
24773,174,10,3.0
8037,57,10,3.0
78474,489,10,2.5
24748,173,10,3.0
56881,380,10,5.0
24591,170,10,3.0
8623,59,10,3.0
78249,486,10,4.0
78225,485,10,4.0
2278,19,10,2.0
35112,235,10,2.0
23866,166,10,4.5
48584,314,10,3.0
35583,240,10,3.0
6320,43,10,4.0
23229,160,10,1.0
51656,334,10,3.5
52980,349,10,4.0
4882,31,10,4.0
28088,195,10,4.0
28010,192,10,5.0
51195,331,10,3.0
27309,186,10,4.0
65886,425,10,3.0
32054,220,10,4.0
56530,376,10,4.5
5187,34,10,5.0
83463,531,10,4.0
56131,372,10,3.0
83575,534,10,4.0
79999,501,10,4.0
26094,182,10,3.5
79846,498,10,3.0
25977,181,10,2.0
1260,11,10,3.0
82484,524,10,4.0
33047,226,10,4.0
5877,42,10,5.0
30890,217,10,4.0
25805,178,10,4.0
49976,322,10,4.0
84329,541,10,4.0
48242,313,10,4.0
90522,590,10,3.5
61575,408,10,4.5
31527,219,10,4.5
68659,448,10,4.0
1027,8,10,2.0
85987,559,10,3.0
4038,26,10,3.0
76231,480,10,4.0
28936,200,10,4.5
36323,248,10,3.5
38181,262,10,2.0
20615,136,10,5.0
95967,602,10,3.0
68578,447,10,3.0
68494,446,10,3.0
75357,476,10,3.0
87719,566,10,3.0
88199,569,10,4.0
10366,68,10,4.5
59167,386,10,3.0
88221,570,10,3.5
567,6,10,3.0
18354,117,10,3.0
9158,63,10,3.0
18537,119,10,4.0
62013,411,10,3.0
35856,244,10,5.0
53497,353,10,3.0
68272,441,10,4.5
82208,522,10,4.5
21970,144,10,3.0
77225,483,10,2.0
85901,557,10,4.5
88680,573,10,4.5
60407,391,10,3.0
35819,243,10,5.0
88222,570,11,3.5
15301,100,11,4.0
79908,500,11,1.0
25978,181,11,5.0
72456,469,11,3.0
80000,501,11,3.0
18355,117,11,4.0
17969,113,11,3.0
14819,94,11,3.0
56132,372,11,4.0
18776,121,11,4.0
38237,263,11,4.0
61353,404,11,4.0
83436,530,11,4.0
22685,156,11,3.0
29269,201,11,4.0
90257,587,11,4.0
35303,239,11,5.0
35113,235,11,4.0
81083,514,11,4.0
62014,411,11,4.0
62302,414,11,5.0
56367,373,11,2.0
78475,489,11,1.5
90523,590,11,3.0
24774,174,11,5.0
73097,474,11,2.5
16973,107,11,5.0
24903,177,11,3.0
28573,199,11,4.0
21086,140,11,4.0
61843,410,11,3.0
17081,109,11,4.0
84330,541,11,4.0
75358,476,11,3.0
89244,579,11,3.0
87720,566,11,5.0
1028,8,11,4.0
24326,169,11,4.0
29382,202,11,4.0
43194,290,11,4.0
8038,57,11,3.0
7990,56,11,4.0
67586,438,11,4.0
59235,387,11,2.5
6481,45,11,3.0
6321,43,11,4.0
71200,455,11,4.0
97366,606,11,2.5
13080,84,11,4.0
49977,322,11,4.0
5878,42,11,5.0
13550,89,11,2.5
5377,38,11,5.0
54125,357,11,3.5
92163,597,11,3.0
5273,35,11,4.0
52883,347,11,4.0
92630,599,11,2.5
5033,33,11,2.0
45732,304,11,5.0
48585,314,11,5.0
95968,602,11,3.0
98480,607,11,3.0
52654,345,11,2.5
91498,594,11,5.0
568,6,11,4.0
53498,353,11,4.0
68495,446,11,4.0
10367,68,11,4.5
18752,120,12,3.0
68660,448,12,2.0
88410,571,12,1.0
92631,599,12,1.5
79302,492,12,3.0
53019,350,12,3.0
56882,380,12,4.0
53057,351,12,5.0
39175,273,12,1.0
22306,151,12,3.0
39234,274,12,3.5
2279,19,12,1.0
40982,276,12,4.0
6432,44,12,1.0
30891,217,12,3.0
51899,337,12,3.0
43962,294,12,1.0
82485,524,12,1.0
42119,288,12,2.0
2280,19,13,3.0
75359,476,13,3.0
45733,304,13,4.0
50671,328,13,3.0
42120,288,13,2.0
569,6,13,3.0
2979,20,13,4.0
80375,509,13,3.0
26095,182,14,4.0
72925,470,14,4.0
58968,385,14,3.0
51900,337,14,3.0
13081,84,14,4.0
82170,521,14,4.0
79303,492,14,3.0
45644,302,14,4.0
95969,602,14,5.0
97047,604,14,4.0
73098,474,14,3.0
67464,437,14,3.0
39066,270,14,5.0
29938,206,14,4.0
14069,90,14,5.0
56133,372,14,4.0
17082,109,14,4.0
84605,544,14,3.0
20616,136,15,5.0
97367,606,15,3.5
84331,541,15,3.0
62303,414,15,2.0
48586,314,15,2.0
92632,599,15,1.5
85988,559,15,3.0
91302,592,15,4.0
80001,501,15,1.0
41734,284,15,4.0
570,6,15,4.0
2281,19,15,2.0
14723,93,15,4.0
56368,373,16,4.0
59168,386,16,4.0
85120,553,16,5.0
43170,289,16,4.5
62304,414,16,3.0
17259,111,16,4.5
92633,599,16,3.0
77226,483,16,4.0
8752,61,16,4.0
571,6,16,4.0
76232,480,16,4.0
27927,191,16,4.0
77095,482,16,2.0
98670,608,16,4.5
9431,64,16,5.0
45675,303,16,2.5
89319,580,16,4.5
39235,274,16,4.5
35584,240,16,3.0
46737,307,16,4.5
81084,514,16,3.5
35304,239,16,4.5
51901,337,16,4.0
68375,444,16,4.0
20617,136,16,5.0
45946,305,16,4.5
55399,368,16,4.0
48019,312,16,4.0
56883,380,16,3.0
17907,112,16,4.5
96102,603,16,4.0
47990,311,16,2.5
52011,339,16,4.5
47926,310,16,1.0
95970,602,16,3.0
23703,162,16,5.0
17083,109,16,4.0
48796,317,16,5.0
10368,68,16,3.5
33048,226,16,4.5
25979,181,16,3.0
62238,413,16,5.0
37901,257,16,3.5
26096,182,16,5.0
29270,201,16,4.0
13493,88,16,4.5
16216,105,16,4.5
38126,261,16,4.0
71546,462,16,3.5
54744,362,16,4.0
44537,298,16,4.0
51364,332,16,3.5
18777,121,16,5.0
41463,282,16,4.0
80841,510,16,1.0
66278,427,16,4.0
15568,103,16,5.0
50951,330,16,3.5
27533,187,16,4.0
56134,372,16,4.0
80002,501,16,3.0
41962,287,16,2.0
38667,266,16,5.0
15302,100,16,4.5
14126,91,16,4.5
61413,405,16,4.0
4195,28,16,2.5
89987,585,16,5.0
24904,177,16,3.0
68496,446,16,3.0
1775,18,16,4.5
73099,474,16,4.0
68661,448,16,5.0
5879,42,16,5.0
58969,385,16,3.0
67465,437,16,5.0
72033,464,16,4.5
99536,610,16,4.5
28089,195,16,4.0
54126,357,16,3.5
90424,588,16,4.0
70846,453,16,3.0
68497,446,17,5.0
88523,572,17,5.0
68416,445,17,3.5
87721,566,17,5.0
38182,262,17,3.0
61354,404,17,4.0
29939,206,17,5.0
19920,132,17,3.0
10369,68,17,3.5
95106,600,17,3.5
80376,509,17,3.0
21971,144,17,4.0
27928,191,17,5.0
5034,33,17,4.0
26097,182,17,4.0
80003,501,17,3.0
4883,31,17,3.0
5378,38,17,3.0
60294,389,17,4.0
5556,40,17,5.0
62137,412,17,5.0
97048,604,17,4.0
50083,323,17,3.5
33551,227,17,3.5
28341,198,17,3.0
53020,350,17,2.0
572,6,17,4.0
67466,437,17,4.0
97368,606,17,4.0
24749,173,17,4.0
78476,489,17,4.5
30602,214,17,3.0
78361,488,17,5.0
96103,603,17,3.0
62305,414,17,4.0
23867,166,17,4.0
48587,314,17,4.0
23704,162,17,5.0
51902,337,17,4.0
22686,156,17,4.0
35969,246,17,5.0
81534,517,17,0.5
7932,54,17,3.0
38238,263,17,5.0
52716,346,17,4.0
90524,590,17,3.5
92164,597,17,3.0
73100,474,17,5.0
14070,90,17,5.0
40576,275,17,5.0
38668,266,17,1.0
92634,599,17,3.5
15303,100,17,4.5
13082,84,17,5.0
42121,288,17,3.5
45645,302,17,5.0
11730,71,17,1.0
89245,579,17,5.0
45734,304,17,3.0
54127,357,17,5.0
18356,117,17,3.0
45530,301,17,4.0
91499,594,17,4.0
70612,451,17,5.0
39067,270,17,4.0
17908,112,17,0.5
14820,94,17,1.0
80004,501,18,5.0
26098,182,18,5.0
9981,66,18,4.0
78477,489,18,2.0
48986,318,18,3.0
6433,44,18,4.0
37726,256,18,5.0
15569,103,18,5.0
44395,295,18,3.5
17084,109,18,3.0
92635,599,18,3.0
46738,307,18,3.0
10370,68,18,2.0
62306,414,18,3.0
77227,483,18,4.0
56884,380,18,4.0
14874,95,18,3.5
97369,606,18,4.0
82171,521,18,4.0
25885,179,18,4.0
6482,45,19,4.5
24905,177,19,2.0
66800,432,19,2.0
84932,552,19,3.5
33673,229,19,3.0
8514,58,19,1.0
67587,438,19,3.0
7991,56,19,5.0
78478,489,19,2.0
48987,318,19,3.5
89906,584,19,3.0
40983,276,19,4.0
56885,380,19,5.0
85293,555,19,3.0
92636,599,19,3.0
95971,602,19,2.0
35585,240,19,5.0
39236,274,19,4.0
22687,156,19,3.0
17909,112,19,4.0
58098,381,19,2.5
84332,541,19,2.0
68662,448,19,2.0
56842,379,19,2.0
15304,100,19,1.0
31528,219,19,2.5
82486,524,19,3.0
30892,217,19,1.0
97370,606,19,2.0
52884,347,19,4.0
14127,91,19,2.0
91303,592,19,4.0
56369,373,19,1.0
1388,14,19,1.0
28937,200,19,3.5
43493,292,19,1.5
54128,357,19,2.0
81982,520,19,1.0
98671,608,19,2.0
14821,94,19,2.0
3222,21,19,2.5
43963,294,19,2.0
80377,509,19,4.0
41735,284,19,4.0
56531,376,19,2.0
79500,495,19,4.5
5880,42,19,2.0
33049,226,19,3.5
50084,323,19,2.5
25886,179,19,3.0
9432,64,19,3.5
97049,604,19,1.0
50201,325,19,2.0
49921,321,19,3.0
79795,497,19,4.0
72926,470,19,3.0
32591,222,19,3.5
5557,40,19,2.0
41245,280,19,3.0
83576,534,19,4.0
66363,428,19,1.0
15570,103,19,3.5
56663,377,19,2.0
90525,590,19,2.0
21972,144,19,3.0
77228,483,19,3.5
20889,139,19,1.0
53499,353,19,4.0
87688,565,19,3.0
85989,559,19,2.0
21692,141,19,2.0
2282,19,19,2.0
75201,475,19,4.0
10371,68,19,1.5
18357,117,19,2.0
573,6,19,2.0
9982,66,19,3.0
61576,408,19,3.5
76233,480,19,1.5
18832,122,19,3.5
36376,249,19,3.5
47711,308,19,1.0
55865,369,19,4.0
20618,136,19,3.0
18778,121,19,2.0
46739,307,19,4.0
75427,477,19,3.0
95107,600,19,3.0
36377,249,20,3.5
68663,448,20,3.0
41736,284,20,1.0
80005,501,20,1.0
72034,464,20,4.0
82487,524,20,2.0
12413,78,20,3.0
35305,239,20,3.5
90425,588,20,2.0
30893,217,20,2.0
28574,199,20,2.0
59169,386,20,2.0
50470,326,20,3.5
92637,599,20,1.5
39237,274,20,3.5
18358,117,21,4.0
5274,35,21,5.0
68376,444,21,4.0
7933,54,21,3.0
70847,453,21,3.0
25980,181,21,2.0
67588,438,21,3.5
80006,501,21,3.0
18150,115,21,4.0
21087,140,21,4.0
87689,565,21,3.0
71353,458,21,5.0
78479,489,21,2.5
26099,182,21,2.5
20338,135,21,3.0
53834,356,21,3.5
45646,302,21,4.0
33674,229,21,4.0
6483,45,21,4.0
45531,301,21,4.0
5558,40,21,4.0
5881,42,21,4.0
76234,480,21,2.5
9983,66,21,4.0
8039,57,21,3.0
13083,84,21,4.0
56843,379,21,2.0
90258,587,21,4.0
61844,410,21,3.0
49922,321,21,3.0
59170,386,21,4.0
73101,474,21,4.0
90426,588,21,3.0
300,4,21,3.0
5379,38,21,3.0
72927,470,21,3.0
92165,597,21,5.0
46740,307,21,2.5
38669,266,21,4.0
42122,288,21,4.0
48588,314,21,3.0
85294,555,21,4.0
62015,411,21,4.0
45735,304,21,4.0
35306,239,21,4.0
68498,446,21,3.0
4196,28,21,3.0
98672,608,21,3.5
30722,216,21,3.0
28575,199,21,4.0
92638,599,21,4.0
95972,602,21,4.0
14128,91,21,4.0
17910,112,21,2.0
91304,592,21,3.0
14822,94,21,3.0
56370,373,21,1.0
38183,262,21,3.0
22688,156,21,5.0
68664,448,21,2.0
39176,273,21,5.0
35784,242,21,3.0
88524,572,21,5.0
574,6,21,2.0
56886,380,21,2.0
35114,235,21,4.0
5035,33,21,4.0
17085,109,21,3.0
8515,58,21,4.0
71547,462,21,4.0
87722,566,21,4.0
47712,308,21,1.0
78250,486,21,4.0
517,5,21,4.0
41737,284,21,3.0
82488,524,21,3.0
15511,102,21,3.0
96104,603,21,5.0
43964,294,21,3.0
27929,191,21,4.0
40577,275,21,5.0
4933,32,21,4.0
1029,8,21,4.0
62307,414,21,4.0
31529,219,21,3.5
58970,385,21,5.0
56135,372,21,3.0
61355,404,21,3.0
55400,368,21,3.0
18779,121,22,3.0
50085,323,22,3.0
33050,226,22,2.0
14129,91,22,3.5
80169,504,22,3.5
46741,307,22,2.0
53500,353,22,5.0
50202,325,22,3.0
81085,514,22,3.0
25981,181,22,3.0
56371,373,22,3.0
15248,99,22,4.0
30894,217,22,3.0
44464,297,22,2.0
66364,428,22,2.5
66662,429,22,4.0
97050,604,22,3.0
73102,474,22,3.0
59171,386,22,3.0
95973,602,22,3.0
8516,58,22,3.0
78480,489,22,3.5
84333,541,22,4.0
89907,584,22,4.0
39238,274,22,3.5
5882,42,22,5.0
21088,140,22,3.0
9433,64,22,3.5
90427,588,22,3.0
62308,414,22,3.0
89320,580,22,4.0
55401,368,22,3.0
48589,314,22,3.0
575,6,22,5.0
62016,411,22,3.0
23230,160,22,1.0
15249,99,23,4.0
26100,182,23,3.5
92639,599,23,1.0
20619,136,23,5.0
62309,414,23,2.0
4197,28,23,1.5
35307,239,23,3.5
72035,464,23,3.0
82489,524,23,2.0
39239,274,23,3.5
15512,102,23,3.0
77229,483,23,3.0
48590,314,23,3.0
97051,604,23,4.0
6322,43,23,5.0
21089,140,23,3.0
39240,274,24,3.5
81931,518,24,2.5
46742,307,24,2.0
11731,71,24,2.0
95108,600,24,2.0
29271,201,24,4.0
62310,414,24,3.0
17260,111,24,2.5
4934,32,24,3.0
75428,477,24,4.0
76046,479,24,3.0
85295,555,24,5.0
52460,342,24,3.0
28342,198,24,4.0
576,6,24,4.0
34911,234,24,5.0
43195,290,24,3.0
49923,321,24,4.0
92640,599,24,2.5
73103,474,24,3.0
98673,608,24,2.0
91245,591,24,2.0
38239,263,24,3.0
25982,181,24,3.0
51903,337,24,5.0
77230,483,24,2.5
38670,266,24,1.0
91305,592,24,4.0
98481,607,25,3.0
18780,121,25,4.0
28090,195,25,4.0
38184,262,25,3.0
43196,290,25,4.0
22281,150,25,4.0
61273,402,25,3.0
28343,198,25,4.0
82490,524,25,3.0
82172,521,25,5.0
35115,235,25,5.0
59172,386,25,2.0
51904,337,25,4.0
1389,14,25,4.0
53501,353,25,4.0
28576,199,25,5.0
72036,464,25,4.0
14130,91,25,2.0
30603,214,25,2.0
88223,570,25,4.0
39068,270,25,4.0
14875,95,25,5.0
17911,112,25,2.5
56372,373,25,5.0
29940,206,25,5.0
62311,414,25,3.0
47713,308,25,1.0
38502,265,25,1.0
45947,305,25,3.0
22689,156,25,4.0
29272,201,25,5.0
27930,191,25,5.0
10372,68,25,3.5
18514,118,25,2.0
56136,372,25,4.0
26101,182,25,4.5
17004,108,25,4.0
80007,501,25,2.0
9434,64,25,3.5
45647,302,25,5.0
5296,36,25,2.5
73104,474,25,3.5
67467,437,25,4.0
60408,391,25,5.0
13084,84,25,5.0
61414,405,25,4.0
84933,552,25,3.0
70613,451,25,5.0
66801,432,25,4.5
25983,181,25,1.0
97052,604,25,3.0
39036,269,25,5.0
17970,113,25,1.0
25806,178,25,4.5
90428,588,25,3.0
71548,462,25,3.0
41464,282,25,4.0
24641,171,25,5.0
21973,144,25,3.0
27534,187,25,3.0
40578,275,25,3.0
68499,446,25,3.0
90477,589,25,5.0
4935,32,25,4.0
577,6,25,3.0
87723,566,25,2.0
95974,602,25,4.0
17086,109,25,5.0
50952,330,25,4.5
96105,603,25,4.0
58971,385,25,3.0
60295,389,25,4.0
5036,33,25,3.0
89321,580,25,4.0
14071,90,25,5.0
4884,31,25,2.0
5559,40,26,4.0
10373,68,26,3.0
38185,262,26,3.0
4936,32,26,4.0
26102,182,26,4.0
72928,470,26,3.0
18359,117,26,4.0
578,6,26,4.0
78362,488,26,2.5
92641,599,26,2.5
48591,314,26,4.0
73105,474,26,3.5
77231,483,26,4.0
71354,458,27,5.0
80286,506,27,3.0
62312,414,27,2.0
73106,474,27,2.0
41246,280,27,4.5
80008,501,27,3.0
579,6,27,3.0
46743,307,27,2.5
51905,337,27,5.0
24906,177,28,2.5
5037,33,28,5.0
96106,603,28,5.0
15305,100,28,4.5
97371,606,28,3.5
97145,605,28,4.0
91500,594,28,4.5
80378,509,28,3.5
73107,474,28,4.5
35970,246,28,4.5
38186,262,28,5.0
44396,295,29,5.0
6323,43,29,5.0
59236,387,29,3.5
77232,483,29,5.0
48988,318,29,3.5
96107,603,29,2.0
37508,253,29,4.5
95975,602,29,2.0
48243,313,29,4.0
19921,132,29,2.0
9984,66,29,4.5
95109,600,29,4.5
37974,260,29,4.0
92642,599,29,3.5
38845,267,29,4.0
38902,268,29,5.0
60409,391,29,5.0
27535,187,29,4.0
39241,274,29,4.0
89035,576,29,3.5
14131,91,29,4.0
72457,469,29,4.0
26103,182,29,4.0
14876,95,29,5.0
73108,474,29,3.5
32260,221,29,4.5
41963,287,29,4.5
29383,202,29,4.0
50086,323,29,3.5
50203,325,29,4.0
68239,440,29,4.5
35971,246,29,5.0
85296,555,29,4.0
97372,606,29,4.5
3782,23,29,4.0
24642,171,29,5.0
82173,521,29,3.0
50953,330,29,3.0
96108,603,30,4.0
83172,527,30,1.0
50204,325,30,4.0
72037,464,31,4.0
81932,518,31,1.0
580,6,31,3.0
35586,240,31,4.0
19850,131,31,3.0
23130,159,31,3.5
17087,109,31,3.0
10374,68,31,3.5
29781,203,31,3.5
23705,162,31,4.0
68579,447,31,4.0
51906,337,31,5.0
261,3,31,0.5
46744,307,31,1.5
13085,84,31,3.0
92643,599,31,2.0
18360,117,31,3.0
25984,181,31,3.0
56137,372,31,2.0
48592,314,31,3.0
4198,28,31,2.5
15944,104,31,4.0
66191,426,31,5.0
62313,414,31,3.0
5560,40,31,4.0
77233,483,31,2.0
6918,47,31,3.0
41465,282,31,4.5
83577,534,31,3.5
67468,437,31,4.0
98674,608,31,3.0
54745,362,31,4.0
73109,474,31,3.0
8517,58,31,4.0
86586,561,31,2.5
62017,411,31,4.0
76047,479,31,3.0
59237,387,31,2.5
39100,271,32,4.0
39069,270,32,4.0
85297,555,32,4.0
39177,273,32,5.0
90259,587,32,5.0
17912,112,32,5.0
35116,235,32,4.0
73110,474,32,4.0
39242,274,32,4.0
61074,398,32,5.0
24643,171,32,5.0
78251,486,32,5.0
85121,553,32,5.0
40579,275,32,5.0
89322,580,32,5.0
17088,109,32,4.0
18151,115,32,5.0
35207,237,32,5.0
22119,146,32,5.0
56887,380,32,5.0
23868,166,32,4.0
20339,135,32,5.0
35785,242,32,5.0
75429,477,32,4.5
86587,561,32,3.5
76235,480,32,4.0
86125,560,32,3.5
22282,150,32,5.0
85990,559,32,3.0
36378,249,32,5.0
1776,18,32,4.0
62314,414,32,5.0
36174,247,32,3.0
77234,483,32,5.0
21974,144,32,4.0
22220,149,32,4.0
37556,254,32,4.5
39037,269,32,4.0
20266,133,32,4.0
61415,405,32,4.5
35308,239,32,5.0
18361,117,32,3.0
38671,266,32,4.0
38503,265,32,4.0
38447,264,32,1.0
18753,120,32,3.0
18833,122,32,5.0
88224,570,32,4.0
37946,259,32,5.0
1030,8,32,3.0
87724,566,32,4.0
87690,565,32,5.0
75360,476,32,4.0
23231,160,32,5.0
19922,132,32,3.0
54884,364,32,3.0
41020,277,32,5.0
29384,202,32,4.0
90526,590,32,3.0
59238,387,32,3.5
53021,350,32,4.0
67084,434,32,3.5
6484,45,32,4.5
67469,437,32,4.0
6878,46,32,4.0
7113,50,32,3.0
7934,54,32,3.0
50087,323,32,2.5
67589,438,32,4.0
8040,57,32,4.0
48797,317,32,4.0
8518,58,32,5.0
8753,61,32,4.5
96109,603,32,3.0
48593,314,32,3.0
95976,602,32,3.0
48244,313,32,4.0
48989,318,32,4.5
48020,312,32,4.0
50205,325,32,4.0
5455,39,32,3.0
52655,345,32,3.5
98675,608,32,3.5
65453,420,32,3.5
52012,339,32,3.0
3783,23,32,3.5
3903,24,32,3.5
51907,337,32,4.0
52885,347,32,3.0
97053,604,32,4.0
4199,28,32,3.5
65746,424,32,3.5
65887,425,32,4.0
60296,389,32,4.0
51365,332,32,2.5
4937,32,32,4.0
50954,330,32,5.0
301,4,32,2.0
5038,33,32,3.0
97373,606,32,4.0
59173,386,32,3.0
9159,63,32,3.0
581,6,32,4.0
71261,456,32,3.0
71549,462,32,3.5
44538,298,32,4.0
60410,391,32,4.0
91749,596,32,3.5
78481,489,32,3.5
14072,90,32,4.0
72038,464,32,3.5
12705,81,32,5.0
43494,292,32,2.0
72421,468,32,4.0
14823,94,32,5.0
72458,469,32,5.0
14877,95,32,4.0
42123,288,32,5.0
41738,284,32,5.0
41466,282,32,4.0
16217,105,32,3.5
14132,91,32,4.0
70848,453,32,5.0
45648,302,32,3.0
45676,303,32,3.5
9435,64,32,4.0
9985,66,32,5.0
68417,445,32,5.0
68500,446,32,4.0
95110,600,32,4.5
53502,353,32,5.0
68665,448,32,2.0
11763,72,32,4.5
58972,385,32,4.0
46745,307,32,3.5
2283,19,32,4.0
70519,449,32,4.0
70614,451,32,5.0
12414,78,32,3.5
12537,80,32,4.0
92644,599,32,3.0
45948,305,32,5.0
45736,304,32,4.0
53583,354,32,4.0
72929,470,32,3.0
24775,174,32,3.0
58099,381,32,3.5
81983,520,32,3.5
99537,610,32,4.5
28344,198,32,5.0
56532,376,32,5.0
33552,227,32,4.5
28091,195,32,4.0
81051,513,32,4.0
80009,501,32,3.0
32592,222,32,3.0
82174,521,32,3.0
81001,512,32,5.0
31530,219,32,3.5
32055,220,32,4.5
56373,373,32,4.0
56497,375,32,5.0
26104,182,32,4.0
1390,14,32,4.0
84606,544,32,3.0
79304,492,32,3.0
56664,377,32,4.5
32261,221,32,5.0
56138,372,32,4.0
29941,206,32,3.0
82491,524,32,3.0
27931,191,32,5.0
83413,529,32,5.0
29273,201,32,4.0
25887,179,32,4.0
33051,226,32,4.0
80379,509,32,4.0
1777,18,34,2.5
14878,95,34,4.0
21859,142,34,4.0
60939,394,34,3.0
14724,93,34,5.0
14824,94,34,4.0
43197,290,34,4.0
24776,174,34,4.0
27261,185,34,2.0
83173,527,34,5.0
71300,457,34,2.0
62018,411,34,4.0
13086,84,34,4.0
33675,229,34,5.0
92166,597,34,4.0
91750,596,34,4.0
62315,414,34,5.0
21975,144,34,3.0
80328,507,34,5.0
56844,379,34,5.0
85991,559,34,5.0
43495,292,34,3.5
32056,220,34,4.5
54129,357,34,4.0
60411,391,34,3.0
91393,593,34,4.0
62138,412,34,5.0
60964,395,34,3.0
39178,273,34,4.0
75430,477,34,4.0
18152,115,34,2.0
25985,181,34,5.0
79847,498,34,3.0
18362,117,34,3.0
32841,223,34,1.0
38240,263,34,4.0
20620,136,34,2.0
88225,570,34,3.5
87792,567,34,2.5
61356,404,34,4.0
25888,179,34,5.0
37682,255,34,1.0
19589,126,34,3.0
19923,132,34,1.5
87691,565,34,4.0
75361,476,34,4.0
1031,8,34,5.0
15042,96,34,5.0
39243,274,34,4.0
40580,275,34,5.0
42124,288,34,4.0
54549,359,34,2.5
56665,377,34,4.0
12734,82,34,2.0
15571,103,34,4.0
86126,560,34,2.5
83578,534,34,4.0
72930,470,34,4.0
89246,579,34,3.0
76236,480,34,4.0
58100,381,34,3.5
21090,140,34,4.0
73111,474,34,4.5
89908,584,34,3.0
17089,109,34,3.0
86588,561,34,2.5
17261,111,34,2.5
89323,580,34,2.5
55212,367,34,3.0
71201,455,34,4.0
87319,563,34,2.0
82615,525,34,3.0
97054,604,34,4.0
28938,200,34,2.5
50088,323,34,2.5
35117,235,34,4.0
52981,349,34,5.0
66720,430,34,3.0
34912,234,34,3.0
81086,514,34,4.0
70849,453,34,4.0
67358,436,34,5.0
30723,216,34,5.0
56139,372,34,4.0
30895,217,34,4.0
35587,240,34,5.0
6324,43,34,5.0
5561,40,34,5.0
50672,328,34,5.0
24327,169,34,4.0
2980,20,34,4.0
98676,608,34,3.5
78482,489,34,2.0
98482,607,34,3.0
29274,201,34,5.0
4039,26,34,3.0
78363,488,34,3.0
4061,27,34,5.0
24592,170,34,5.0
81535,517,34,5.0
52886,347,34,4.0
65888,425,34,3.5
51196,331,34,2.0
50955,330,34,3.0
5039,33,34,3.0
96110,603,34,4.0
56888,380,34,4.0
67085,434,34,3.5
68501,446,34,5.0
56374,373,34,4.0
518,5,34,4.0
22690,156,34,4.0
582,6,34,4.0
2284,19,34,4.0
53503,353,34,5.0
9436,64,34,4.5
9160,63,34,3.0
95111,600,34,2.0
59174,386,34,4.0
27932,191,34,4.0
28345,198,34,4.0
10375,68,34,1.0
95977,602,34,1.0
23232,160,34,5.0
80380,509,34,3.5
33736,230,34,2.0
53584,354,34,3.5
45949,305,34,3.0
4938,32,36,4.0
45532,301,36,4.5
17913,112,36,0.5
39070,270,36,5.0
65889,425,36,3.0
45649,302,36,4.0
11666,70,36,5.0
98483,607,36,4.0
51908,337,36,4.0
97374,606,36,3.5
38504,265,36,4.0
38241,263,36,4.0
45737,304,36,1.0
61274,402,36,3.0
61357,404,36,3.0
38187,262,36,5.0
1261,11,36,4.0
27933,191,36,5.0
13087,84,36,5.0
18363,117,36,3.0
29942,206,36,5.0
72459,469,36,3.0
80010,501,36,3.0
519,5,36,4.0
96111,603,36,4.0
8519,58,36,4.0
95978,602,36,3.0
7425,51,36,3.0
54130,357,36,3.5
56140,372,36,3.0
67470,437,36,4.0
28577,199,36,4.0
15572,103,36,4.0
6434,44,36,4.0
90527,590,36,3.5
43198,290,36,4.0
82175,521,36,4.0
72931,470,36,4.0
90429,588,36,2.0
66802,432,36,3.5
47714,308,36,1.0
14133,91,36,3.0
26105,182,36,4.5
9437,64,36,4.0
50089,323,36,3.5
73112,474,36,5.0
17090,109,36,5.0
583,6,36,5.0
28092,195,36,4.0
5040,33,36,5.0
14073,90,36,4.0
90478,589,36,5.0
71550,462,36,3.5
28346,198,36,5.0
35820,243,36,4.0
33676,229,36,4.0
78364,488,36,4.5
85992,559,36,4.0
79305,492,36,4.0
22283,150,36,4.0
35118,235,36,4.0
62316,414,36,3.0
21860,142,36,4.0
1778,18,36,4.0
56795,378,36,4.0
24644,171,36,4.0
23706,162,36,5.0
30896,217,38,2.0
73113,474,38,1.0
3223,21,38,2.5
68666,448,38,3.0
59175,386,39,3.0
52887,347,39,4.0
22691,156,39,1.0
24055,167,39,2.0
71355,458,39,4.0
55213,367,39,4.0
82616,525,39,4.5
72932,470,39,3.0
62317,414,39,4.0
95979,602,39,5.0
17971,113,39,3.0
28939,200,39,5.0
520,5,39,3.0
1391,14,39,3.0
78252,486,39,3.0
89909,584,39,1.0
17914,112,39,0.5
89056,577,39,3.0
80381,509,39,4.0
96112,603,39,5.0
30724,216,39,3.0
92645,599,39,3.0
40581,275,39,4.0
24865,176,39,3.0
79909,500,39,1.0
17262,111,39,4.0
86589,561,39,3.0
48594,314,39,3.0
59239,387,39,2.5
17091,109,39,3.0
35588,240,39,5.0
73114,474,39,3.5
61716,409,39,4.0
89848,583,39,5.0
5041,33,39,5.0
97055,604,39,3.0
91751,596,39,4.0
21976,144,39,3.5
80329,507,39,3.0
6485,45,39,3.0
72422,468,39,5.0
54131,357,39,4.5
5380,38,39,3.0
24328,169,39,3.5
8041,57,39,3.0
24777,174,39,4.0
91501,594,39,4.5
47715,308,39,3.0
50673,328,39,2.0
14134,91,39,1.5
56141,372,39,3.0
81002,512,39,4.0
5275,35,39,3.0
6879,46,39,3.0
15945,104,39,4.0
14825,94,39,1.0
72460,469,39,2.0
41247,280,39,4.0
48245,313,39,4.0
35119,235,39,3.0
76237,480,39,2.5
1323,12,39,4.0
41698,283,39,1.0
15513,102,39,3.0
41739,284,39,3.0
41858,286,39,3.5
4939,32,39,3.0
92167,597,39,4.0
24907,177,39,4.0
91306,592,39,4.0
9438,64,39,4.0
85993,559,39,3.0
14879,95,39,4.0
80287,506,39,5.0
33737,230,39,3.0
77952,484,39,4.5
43965,294,39,2.0
88226,570,39,3.0
33901,232,39,3.0
18364,117,39,3.0
68502,446,39,3.0
25986,181,39,3.0
18781,121,39,4.0
78483,489,39,3.5
98677,608,39,3.0
38672,266,39,2.0
8520,58,39,5.0
87725,566,39,4.0
85298,555,39,4.0
32915,224,39,5.0
35786,242,39,3.0
1032,8,39,3.0
46746,307,39,2.0
19924,132,39,3.0
67086,434,39,3.0
27934,191,39,1.0
33052,226,39,3.0
55994,370,39,3.5
95112,600,39,3.0
53504,353,39,1.0
10376,68,39,4.0
38242,263,39,4.0
87531,564,39,3.5
7992,56,39,4.0
47991,311,40,3.5
84607,544,40,5.0
72933,470,41,3.0
1073,9,41,3.0
8624,59,41,5.0
584,6,41,4.0
26106,182,41,4.5
38903,268,41,4.0
18365,117,41,4.0
51909,337,41,3.0
48595,314,41,3.0
14135,91,41,4.0
72398,467,41,4.0
56142,372,41,4.0
92646,599,41,2.5
91394,593,41,4.0
73115,474,41,3.5
92647,599,42,3.0
